media/uploads_8_1_3_7_81376966_5_orig.png	@@MEDIA:uploads/8/1/3/7/81376966/5_orig.png@@
media/uploads_8_1_3_7_81376966_6_orig.png	@@MEDIA:uploads/8/1/3/7/81376966/6_orig.png@@
media/uploads_8_1_3_7_81376966_auction-3_orig.png	@@MEDIA:uploads/8/1/3/7/81376966/auction-3_orig.png@@
media/uploads_8_1_3_7_81376966_beetle-pinning-5_orig.png	@@MEDIA:uploads/8/1/3/7/81376966/beetle-pinning-5_orig.png@@
media/uploads_8_1_3_7_81376966_beetle_orig.png	@@MEDIA:uploads/8/1/3/7/81376966/beetle_orig.png@@
media/uploads_8_1_3_7_81376966_bugwalk-5_orig.png	@@MEDIA:uploads/8/1/3/7/81376966/bugwalk-5_orig.png@@
media/uploads_8_1_3_7_81376966_calendar-41-orig_orig.png	@@MEDIA:uploads/8/1/3/7/81376966/calendar-41-orig_orig.png@@
media/uploads_8_1_3_7_81376966_calendar-41_orig.png	@@MEDIA:uploads/8/1/3/7/81376966/calendar-41_orig.png@@
media/uploads_8_1_3_7_81376966_calendar-42_orig.png	@@MEDIA:uploads/8/1/3/7/81376966/calendar-42_orig.png@@
media/uploads_8_1_3_7_81376966_drink-and-draw-7_orig.png	@@MEDIA:uploads/8/1/3/7/81376966/drink-and-draw-7_orig.png@@
media/uploads_8_1_3_7_81376966_drink-and-draw-8_orig.png	@@MEDIA:uploads/8/1/3/7/81376966/drink-and-draw-8_orig.png@@
media/uploads_8_1_3_7_81376966_handling-2_orig.png	@@MEDIA:uploads/8/1/3/7/81376966/handling-2_orig.png@@
media/uploads_8_1_3_7_81376966_p1153357_1.jpg	@@MEDIA:uploads/8/1/3/7/81376966/p1153357_1.jpg@@
media/uploads_8_1_3_7_81376966_p1153357_1_orig.jpg	@@MEDIA:uploads/8/1/3/7/81376966/p1153357_1_orig.jpg@@
media/uploads_8_1_3_7_81376966_p2153742_1.jpg	@@MEDIA:uploads/8/1/3/7/81376966/p2153742_1.jpg@@
media/uploads_8_1_3_7_81376966_p2153742_1_orig.jpg	@@MEDIA:uploads/8/1/3/7/81376966/p2153742_1_orig.jpg@@
media/uploads_8_1_3_7_81376966_p4046183_1.jpg	@@MEDIA:uploads/8/1/3/7/81376966/p4046183_1.jpg@@
media/uploads_8_1_3_7_81376966_p4046183_1_orig.jpg	@@MEDIA:uploads/8/1/3/7/81376966/p4046183_1_orig.jpg@@
media/uploads_8_1_3_7_81376966_p4046205_1.jpg	@@MEDIA:uploads/8/1/3/7/81376966/p4046205_1.jpg@@
media/uploads_8_1_3_7_81376966_p4046205_1_orig.jpg	@@MEDIA:uploads/8/1/3/7/81376966/p4046205_1_orig.jpg@@
media/uploads_8_1_3_7_81376966_p4046246_1.jpg	@@MEDIA:uploads/8/1/3/7/81376966/p4046246_1.jpg@@
media/uploads_8_1_3_7_81376966_p4046246_1_orig.jpg	@@MEDIA:uploads/8/1/3/7/81376966/p4046246_1_orig.jpg@@
media/uploads_8_1_3_7_81376966_p5057118_1.jpg	@@MEDIA:uploads/8/1/3/7/81376966/p5057118_1.jpg@@
media/uploads_8_1_3_7_81376966_p5057118_1_orig.jpg	@@MEDIA:uploads/8/1/3/7/81376966/p5057118_1_orig.jpg@@
media/uploads_8_1_3_7_81376966_p5057177_1.jpg	@@MEDIA:uploads/8/1/3/7/81376966/p5057177_1.jpg@@
media/uploads_8_1_3_7_81376966_p5057177_1_orig.jpg	@@MEDIA:uploads/8/1/3/7/81376966/p5057177_1_orig.jpg@@
media/uploads_8_1_3_7_81376966_p5057237_1.jpg	@@MEDIA:uploads/8/1/3/7/81376966/p5057237_1.jpg@@
media/uploads_8_1_3_7_81376966_p5057237_1_orig.jpg	@@MEDIA:uploads/8/1/3/7/81376966/p5057237_1_orig.jpg@@
media/uploads_8_1_3_7_81376966_p5057254_1.jpg	@@MEDIA:uploads/8/1/3/7/81376966/p5057254_1.jpg@@
media/uploads_8_1_3_7_81376966_p5057254_1_orig.jpg	@@MEDIA:uploads/8/1/3/7/81376966/p5057254_1_orig.jpg@@
media/uploads_8_1_3_7_81376966_p5258025_1.jpg	@@MEDIA:uploads/8/1/3/7/81376966/p5258025_1.jpg@@
media/uploads_8_1_3_7_81376966_p5258025_1_orig.jpg	@@MEDIA:uploads/8/1/3/7/81376966/p5258025_1_orig.jpg@@
media/uploads_8_1_3_7_81376966_pa142111_1.jpg	@@MEDIA:uploads/8/1/3/7/81376966/pa142111_1.jpg@@
media/uploads_8_1_3_7_81376966_pa142111_1_orig.jpg	@@MEDIA:uploads/8/1/3/7/81376966/pa142111_1_orig.jpg@@
media/uploads_8_1_3_7_81376966_pa142220_1.jpg	@@MEDIA:uploads/8/1/3/7/81376966/pa142220_1.jpg@@
media/uploads_8_1_3_7_81376966_pa142220_1_orig.jpg	@@MEDIA:uploads/8/1/3/7/81376966/pa142220_1_orig.jpg@@
media/uploads_8_1_3_7_81376966_pa152353-2_orig.jpg	@@MEDIA:uploads/8/1/3/7/81376966/pa152353-2_orig.jpg@@
media/uploads_8_1_3_7_81376966_pinning-21_orig.png	@@MEDIA:uploads/8/1/3/7/81376966/pinning-21_orig.png@@
media/uploads_8_1_3_7_81376966_sc1_orig.png	@@MEDIA:uploads/8/1/3/7/81376966/sc1_orig.png@@
media/uploads_8_1_3_7_81376966_sc2_orig.png	@@MEDIA:uploads/8/1/3/7/81376966/sc2_orig.png@@
media/uploads_8_1_3_7_81376966_screenshot-2026-01-13-at-7-46-03-pm_orig.png	@@MEDIA:uploads/8/1/3/7/81376966/screenshot-2026-01-13-at-7-46-03-pm_orig.png@@
media/uploads_8_1_3_7_81376966_signs-20_orig.png	@@MEDIA:uploads/8/1/3/7/81376966/signs-20_orig.png@@
